{
  "name": "FL5033",
  "mass_loader": 830,
  "mass_arms": 260,
  "rules": {
    "x": {
      "arms": 0.676,
      "low": 1.25,
      "high": 0.875
    },
    "z": {
      "arms": 0.215,
      "k_low": 0.0007097,
      "k_high": 0.0029839
    }
  }
}